Input Power (dBm),Waveguide Power (uW)
-8,9.703703703703702
-4,21.629629629629626
-5,17.77777777777778
-6,14.518518518518519
-7,11.851851851851851
-8,9.62962962962963
-9,7.703703703703703
-10,6.222222222222222
-11,4.888888888888888
-12,3.9259259259259256
-13,3.111111111111111
-14,2.5037037037037035
-15,2.0
-16,1.5925925925925923
-17,1.2666666666666666
-18,1.0074074074074075
-19,0.8
-20,0.637037037037037
